"ProductName","Description","Color"
"Practical Marble Watch","Lightweight performance with enduring appeal.","Black"
"Aerodynamic Iron Coat","Inspired by timeless materials and modern trends, it’s made to stand out.","Blue"
"Enormous Steel Bench","Built for efficiency, this product balances aesthetics and practical performance seamlessly.","Teal"
"Heavy Duty Concrete Computer","Sleek and strong, this product adapts to any lifestyle with ease.","Yellow"
"Small Plastic Coat","Performance-focused with a sleek and modern finish.","Green"
"Heavy Duty Linen Gloves","A durable essential that makes a stylish impact.","Lime"
"Practical Leather Bottle","Perfect for minimalist enthusiasts, offering practicality with a clean aesthetic.","Navy"
"Rustic Steel Watch","Designed for discerning users who value craftsmanship and innovation.","Magenta"
"Durable Marble Lamp","A sleek solution for your daily needs.","Lime"
"Fantastic Paper Knife","Crafted for excellence, this product delivers high performance in a sleek package.","Indigo"
"Awesome Aluminum Shirt","Elegance meets utility in this thoughtfully designed essential.","Lime"
"Small Iron Car","Classic style meets robust construction in this reliable piece.","Maroon"
"Intelligent Bronze Gloves","For those who want style without sacrifice.","Lime"
"Aerodynamic Aluminum Gloves","A bold new standard in utility and design.","Olive"
"Small Copper Knife","A harmonious blend of comfort, design, and performance.","Brown"
"Ergonomic Linen Watch","Intelligently built for efficiency and reliability.","Brown"
"Fantastic Concrete Shirt","The perfect mix of flair and function.","Orange"
"Awesome Bronze Keyboard","Ready for the day with performance at its core.","Red"
"Rustic Plastic Hat","Crafted for the perfect balance between weight and strength.","White"
"Fantastic Aluminum Bottle","Durability and detail in perfect balance.","Navy"
"Intelligent Linen Chair","Balances subtle sophistication and everyday utility.","Purple"
"Practical Copper Coat","Smart design and durable materials come together here.","Blue"
"Enormous Linen Lamp","Engineered to be a dependable essential.","Magenta"
"Awesome Leather Bottle","Provides smart functionality in a refined shell.","Indigo"
"Durable Steel Knife","Sophisticated and stylish, with quality built into every detail.","Maroon"
"Enormous Concrete Hat","Tailored for a refined, active lifestyle.","Red"
"Ergonomic Steel Wallet","Redefines convenience with clean lines and quality.","Pink"
"Enormous Granite Table","A stylish solution for modern demands.","Teal"
"Intelligent Steel Shoes","Ideal for modern lifestyles, offering durability without compromising on style.","Gold"
"Practical Linen Hat","Built tough with a soft edge of sophistication.","Olive"
"Lightweight Paper Wallet","An essential addition to any discerning user’s collection.","Orange"
"Intelligent Concrete Bench","Exudes confidence through clever design and premium build.","Red"
"Awesome Wool Gloves","Compact and versatile, designed to meet the needs of busy professionals on the go.","Teal"
"Awesome Rubber Wallet","Where design meets dependable construction.","Cyan"
"Ergonomic Wool Bag","Fuses tradition and technology for the modern user.","Pink"
"Incredible Linen Computer","Effortlessly combines modern form and rugged build.","Gold"
"Durable Linen Shoes","A forward-thinking item built to last.","Teal"
"Intelligent Linen Keyboard","Made with care, built to last, and styled to impress.","White"
"Sleek Steel Lamp","Combines rustic charm with modern utility, making it both attractive and functional.","Blue"
"Incredible Rubber Hat","Durable enough for any adventure, stylish enough for any outfit.","Pink"
"Mediocre Rubber Gloves","Elevate your essentials with this thoughtfully built product.","Lime"
"Rustic Plastic Keyboard","Bold in form and strong in function, a truly dynamic product.","Yellow"
"Mediocre Marble Lamp","Minimalist yet mighty in construction and function.","Lime"
"Intelligent Marble Car","Engineered with details that matter most.","Gray"
"Fantastic Silk Watch","Striking in design, yet practical enough for everyday use.","Yellow"
"Durable Steel Keyboard","A fresh take on a classic form, ensuring both comfort and long-lasting use.","Green"
"Fantastic Linen Wallet","A refined choice that blends premium materials with practical design.","Maroon"
"Awesome Paper Coat","Made to be noticed, built to be used.","Purple"
"Sleek Steel Computer","Its clean lines and solid construction make it a trusted everyday choice.","Black"
"Intelligent Silk Shirt","Designed with purpose, for those who value efficiency and elegance.","Indigo"
"Lightweight Copper Bag","Sharp looks paired with powerful performance.","Green"
"Aerodynamic Linen Table","Your reliable partner in daily routines, crafted with precision and care.","Navy"
"Awesome Rubber Table","Combines everyday practicality with elegant design.","Indigo"
"Ergonomic Bronze Computer","A sophisticated blend of form and function, this item is perfect for daily use and timeless in design.","Lime"
"Fantastic Marble Bench","Not just built well—built to exceed expectations.","Navy"
"Synergistic Granite Clock","Essential for anyone who values smart design.","Cyan"
"Ergonomic Linen Wallet","This piece brings elegance to your everyday routine.","Green"
"Incredible Paper Computer","Effortlessly functional and undeniably stylish in any scenario.","Navy"
"Small Concrete Chair","For users who prioritize performance and polish.","Olive"
"Intelligent Linen Wallet","Merges heritage craftsmanship with modern use.","Magenta"
"Practical Leather Hat","Simplifies your day with sturdy, sleek design.","White"
"Fantastic Plastic Coat","A timeless design with present-day practicality.","Pink"
"Fantastic Granite Bottle","Your ideal everyday companion, made to perform and endure.","White"
"Durable Granite Plate","Functional beauty crafted for real life.","Brown"
"Awesome Wool Bag","A well-balanced product with premium features throughout.","Green"
"Incredible Wooden Table","Offers the ultimate combination of innovation, durability, and comfort.","Lime"
"Gorgeous Steel Car","Form, function, and comfort—all in one refined product.","Cyan"
"Awesome Bronze Shirt","Designed for simplicity and built for lasting impact.","White"
"Small Linen Hat","Smartly engineered for optimal use, with materials that last and design that delights.","Olive"
"Gorgeous Wool Coat","A product that speaks volumes through simplicity.","Blue"
"Lightweight Iron Shirt","Made to support your lifestyle without compromise.","Lime"
"Synergistic Plastic Plate","Precision-made for lasting performance.","Gray"
"Sleek Marble Shirt","Delivers outstanding performance in any setting, indoor or out.","Navy"
"Synergistic Copper Plate","Lightweight yet tough, engineered for mobility and longevity.","Black"
"Practical Concrete Knife","Reinvents the ordinary with premium features.","Orange"
"Synergistic Wooden Bag","Modern functionality wrapped in a timeless silhouette.","Pink"
"Gorgeous Rubber Gloves","Understated elegance with practical versatility.","Black"
"Heavy Duty Paper Coat","Created for performance, styled for distinction.","Teal"
"Ergonomic Wooden Chair","Delivers reliability with a premium finish.","Orange"
"Small Wooden Bag","Every detail is finely tuned for optimal experience and utility.","Blue"
"Rustic Concrete Gloves","Reliable, rugged, and ready for action.","Maroon"
"Sleek Wool Computer","Advanced craftsmanship meets everyday use.","Maroon"
"Durable Plastic Knife","Unites a modern look with traditional strength and reliability.","Maroon"
"Enormous Wool Bag","Brings together time-tested materials and contemporary craftsmanship.","Olive"
"Awesome Rubber Knife","Impressive build with a sharp, refined look.","Maroon"
"Small Wooden Coat","Delivers performance in a polished and contemporary shell.","Indigo"
"Lightweight Granite Watch","Sophisticated simplicity made with quality you can feel.","Black"
"Aerodynamic Marble Car","Engineered to impress, its bold materials and smart design make it a standout choice.","White"
"Incredible Plastic Gloves","Craftsmanship and convenience, perfectly paired.","Pink"
"Ergonomic Wooden Gloves","Crafted for those who demand more from their gear.","Navy"
"Mediocre Wool Chair","Exceptional quality meets contemporary flair.","Yellow"
"Synergistic Steel Shirt","Ideal for users seeking both grace and grit.","Gold"
"Intelligent Steel Table","Streamlined form backed by trusted materials.","Magenta"
"Incredible Wooden Pants","Distinct in form, dependable in performance.","Indigo"
"Small Concrete Table","Uncompromising quality in a design that commands attention.","Maroon"
"Practical Silk Bag","Built for balance, strength, and aesthetic harmony.","Magenta"
"Enormous Aluminum Shirt","An innovative take on an everyday essential.","Lime"
"Incredible Wooden Shoes","Carefully created with both beauty and function in mind.","Gray"
"Gorgeous Leather Plate","Built to handle tough environments with ease and reliability.","Orange"
"Awesome Concrete Shirt","Designed to elevate everyday moments with style.","White"
